{"vertices": [[249.511962890625, 221.5457763671875], [469.3023681640625, 281.46826171875], [158.5838165283203, 305.00311279296875], [36.01894760131836, 252.99655151367188], [0.3375256061553955, 511.8133544921875]], "vertices-score": [[0, 1], [0, 2], [2, 3]], "edges": [[0, 2], [2, 3], [0, 1]], "edges-weights": [0.9435083270072937, 0.9295902848243713, 0.8281744718551636], "height": 512, "width": 512}