{"vertices": [[93.83097839355469, 298.4063720703125], [357.7345275878906, 95.0631103515625], [418.569580078125, 298.30999755859375], [170.16616821289062, 354.2641906738281], [332.8969421386719, 362.209716796875], [154.99639892578125, 94.89187622070312], [0.3581819534301758, 511.8440856933594], [1.5697523355484009, 1.324615478515625], [510.8879699707031, 1.360626220703125]], "vertices-score": [[0, 3], [0, 5], [1, 2], [1, 5], [2, 4]], "edges": [[2, 4], [0, 3], [1, 2], [0, 5], [1, 5]], "edges-weights": [0.9541596174240112, 0.9429395198822021, 0.8996822237968445, 0.8909496068954468, 0.7376166582107544], "height": 512, "width": 512}