{"vertices": [[297.5686340332031, 182.83831787109375], [200.6190948486328, 182.16867065429688], [170.8974609375, 285.37890625], [217.88232421875, 321.3765869140625], [326.71990966796875, 285.08203125], [278.5165100097656, 322.7441711425781], [0.44083404541015625, 511.8562316894531]], "vertices-score": [[0, 1], [0, 4], [0, 5], [1, 2], [1, 3], [2, 3], [3, 4], [3, 5], [4, 5]], "edges": [[0, 1], [0, 4], [1, 2], [2, 3], [4, 5]], "edges-weights": [0.9671040177345276, 0.9653419256210327, 0.9516672492027283, 0.9163809418678284, 0.9098591804504395, 0.059665072709321976, 0.0014418844366446137, 0.00031503685750067234, 0.00019664672436192632], "height": 512, "width": 512}